{
    "camera_matrix": [
        [
            1199.2762389820978,
            0.0,
            629.6647328169659
        ],
        [
            0.0,
            1195.1013837720388,
            367.2889879379098
        ],
        [
            0.0,
            0.0,
            1.0
        ]
    ],
    "distortion_coefficients": [
        [
            0.0007021857551143397,
            -0.4273836109300698,
            -0.0014998886939060919,
            0.008846809995413717,
            1.0574832056592272
        ]
    ]
}